player_id,year,player_name,role,nationality,base_price_lakh,final_price_lakh,team,career_runs_before,career_balls_before,career_innings_before,career_hundreds_before,career_fifties_before,career_fours_before,career_sixes_before,career_batting_sr_before,last_season_runs,last_season_balls,last_season_sr,last_season_fifties,last_season_hundreds,recent3_runs,recent3_fifties,recent3_hundreds,recent3_sr,batting_seasons_before,career_wickets_before,career_balls_bowled_before,career_runs_conceded_before,career_3w_before,career_4w_before,career_5w_before,career_economy_before,last_season_wickets,last_season_economy,last_season_balls_bowled,recent3_wickets,recent3_balls_bowled,recent3_economy,bowling_seasons_before,previous_auction_price,previous_auction_count,has_batting_history,has_bowling_history,experience_years,career_seasons_before,experience_known,predicted_price_lakh,price_category,error_lakh,absolute_error_lakh,value_gap_lakh,value_gap_crore,value_ratio,value_class
P0019,2023,Manish Pandey,Batsman,Indian,100.0,240.0,DC,3648,3002,147,1,21,318,105,121.51898734177216,88,80,110.0,0,0,805,6,0,124.03697996918336,15,0,0,0,0,0,0,0.0,0,0.0,0,0,0,0.0,0,460.0,5.0,1,0,0,15,0,275.4440814424179,₹2–5 Cr,35.44408144241788,35.44408144241788,35.44408144241788,0.35444081442417885,1.1476836726767412,Fair Value
P0009,2023,Ajinkya Rahane,Batsman,Indian,50.0,50.0,CSK,4074,3376,148,2,28,431,80,120.67535545023698,133,128,103.90625,0,0,254,1,0,104.5267489711934,14,1,6,5,0,0,0,5.0,1,5.0,6,1,6,5.0,1,100.0,3.0,1,1,0,15,0,126.1690301999192,₹0–2 Cr,76.16903019991919,76.16903019991919,76.1690301999192,0.7616903019991921,2.523380603998384,Fair Value
P0241,2023,Jaydev Unadkat,Bowler,Indian,50.0,50.0,LSG,164,133,21,0,0,13,6,123.30827067669172,59,37,159.45945945945945,0,0,109,0,0,137.9746835443038,8,91,1896,2778,5,0,2,8.791139240506329,6,9.5,120,14,390,9.015384615384615,13,130.0,10.0,1,1,0,21,0,185.83603916983608,₹0–2 Cr,135.83603916983606,135.83603916983606,135.83603916983608,1.3583603916983609,3.7167207833967217,Undervalued
P0219,2023,Jason Holder,All-Rounder,Overseas,200.0,575.0,RR,247,200,24,0,0,13,17,123.5,58,44,131.8181818181818,0,0,209,0,0,123.66863905325444,5,49,824,1177,7,1,0,8.570388349514563,14,9.421686746987952,249,44,608,8.595394736842106,6,875.0,4.0,1,1,0,11,0,544.4782251357279,₹5–10 Cr,-30.52177486427206,30.52177486427206,-30.52177486427206,-0.3052177486427206,0.9469186524099616,Fair Value
P0253,2023,Sikandar Raza,All-Rounder,Overseas,50.0,50.0,PBKS,0,0,0,0,0,0,0,0.0,0,0,0.0,0,0,0,0,0,0.0,0,0,0,0,0,0,0,0.0,0,0.0,0,0,0,0.0,0,0.0,0.0,0,0,0,0,0,268.5313619705029,₹0–2 Cr,218.53136197050293,218.53136197050293,218.53136197050293,2.1853136197050294,5.370627239410059,Undervalued
P0129,2023,Cameron Green,All-Rounder,Overseas,200.0,1750.0,MI,0,0,0,0,0,0,0,0.0,0,0,0.0,0,0,0,0,0,0.0,0,0,0,0,0,0,0,0.0,0,0.0,0,0,0,0.0,0,0.0,0.0,0,0,0,0,0,268.5313619705029,₹10+ Cr,-1481.468638029497,1481.468638029497,-1481.468638029497,-14.81468638029497,0.1534464925545731,Overvalued
P0137,2023,Piyush Chawla,Bowler,Indian,50.0,50.0,MI,584,526,76,0,0,54,18,111.02661596958174,0,2,0.0,0,0,69,0,0,94.52054794520548,13,157,3274,4301,10,2,0,7.882101405009164,1,9.5,24,17,417,9.035971223021583,14,200.0,6.0,1,1,0,27,0,166.87027319206354,₹0–2 Cr,116.87027319206354,116.87027319206354,116.87027319206354,1.1687027319206353,3.3374054638412707,Undervalued
P0158,2023,Rilee Rossouw,Batsman,Overseas,200.0,460.0,DC,53,51,5,0,0,3,3,103.921568627451,14,10,140.0,0,0,53,0,0,103.921568627451,2,0,0,0,0,0,0,0.0,0,0.0,0,0,0,0.0,0,9.0,1.0,1,0,0,2,0,203.52460437839133,₹2–5 Cr,-256.47539562160864,256.47539562160864,-256.47539562160864,-2.5647539562160864,0.44244479212693766,Overvalued
P0107,2023,Sam Curran,All-Rounder,Overseas,200.0,1850.0,PBKS,337,225,23,0,2,30,18,149.7777777777778,56,29,193.1034482758621,0,0,337,2,0,149.7777777777778,3,32,648,995,4,1,0,9.212962962962964,9,9.93939393939394,198,32,648,9.212962962962964,3,550.0,2.0,1,1,0,6,0,1119.9492238489745,₹10+ Cr,-730.0507761510255,730.0507761510255,-730.0507761510255,-7.300507761510255,0.6053779588372835,Overvalued
P0272,2023,David Wiese,All-Rounder,Overseas,100.0,100.0,KKR,127,90,8,0,0,12,4,141.11111111111111,5,4,125.0,0,0,127,0,0,141.11111111111111,2,16,278,402,0,1,0,8.676258992805755,0,12.25,24,16,278,8.676258992805755,2,280.0,1.0,1,1,0,4,0,236.89344961415884,₹0–2 Cr,136.89344961415884,136.89344961415884,136.89344961415884,1.3689344961415884,2.3689344961415886,Undervalued
P0292,2023,Mohit Sharma,Bowler,Indian,50.0,50.0,GT,122,117,25,0,0,8,4,104.27350427350429,0,2,0.0,0,0,61,0,0,93.84615384615384,7,92,1754,2470,9,1,0,8.449258836944129,1,11.25,24,9,220,10.745454545454546,8,50.0,5.0,1,1,0,15,0,108.98179103365108,₹0–2 Cr,58.98179103365109,58.98179103365109,58.98179103365108,0.5898179103365108,2.1796358206730218,Fair Value
P0280,2023,Anmolpreet Singh,Batsman,Indian,20.0,20.0,SRH,29,27,3,0,0,3,1,107.40740740740742,13,13,100.0,0,0,29,0,0,107.40740740740742,2,0,0,0,0,0,0,0.0,0,0.0,0,0,0,0.0,0,20.0,2.0,1,0,0,2,0,58.99440096400038,₹0–2 Cr,38.99440096400038,38.99440096400038,38.99440096400038,0.38994400964000375,2.9497200482000188,Fair Value
P0324,2023,Prerak Mankad,All-Rounder,Indian,20.0,20.0,LSG,4,1,1,0,0,1,0,400.0,4,1,400.0,0,0,4,0,0,400.0,1,0,0,0,0,0,0,0.0,0,0.0,0,0,0,0.0,0,20.0,1.0,1,0,0,1,0,139.72900903601658,₹0–2 Cr,119.72900903601658,119.72900903601658,119.72900903601658,1.1972900903601658,6.986450451800829,Undervalued
P0369,2023,Kyle Jamieson,Bowler,Overseas,100.0,100.0,CSK,65,55,7,0,0,5,3,118.1818181818182,65,55,118.1818181818182,0,0,65,0,0,118.1818181818182,1,9,168,269,1,0,0,9.607142857142858,9,9.607142857142858,168,9,168,9.607142857142858,1,1500.0,1.0,1,1,0,2,0,218.2439601123506,₹0–2 Cr,118.2439601123506,118.2439601123506,118.2439601123506,1.182439601123506,2.182439601123506,Undervalued
P0361,2023,Urvil Patel,Wicket-Keeper,Indian,20.0,20.0,GT,0,0,0,0,0,0,0,0.0,0,0,0.0,0,0,0,0,0,0.0,0,0,0,0,0,0,0,0.0,0,0.0,0,0,0,0.0,0,0.0,0.0,0,0,0,0,0,90.85676286851051,₹0–2 Cr,70.85676286851051,70.85676286851051,70.85676286851051,0.7085676286851051,4.542838143425525,Fair Value
P0359,2023,Vivrant Sharma,All-Rounder,Indian,20.0,260.0,SRH,0,0,0,0,0,0,0,0.0,0,0,0.0,0,0,0,0,0,0.0,0,0,0,0,0,0,0,0.0,0,0.0,0,0,0,0.0,0,0.0,0.0,0,0,0,0,0,112.98793073886183,₹2–5 Cr,-147.01206926113815,147.01206926113815,-147.01206926113815,-1.4701206926113815,0.43456896438023784,Overvalued
P0159,2023,Will Jacks,Batsman,Overseas,150.0,320.0,RCB,0,0,0,0,0,0,0,0.0,0,0,0.0,0,0,0,0,0,0.0,0,0,0,0,0,0,0,0.0,0,0.0,0,0,0,0.0,0,0.0,0.0,0,0,0,0,0,193.840539245101,₹2–5 Cr,-126.159460754899,126.159460754899,-126.15946075489899,-1.2615946075489899,0.6057516851409407,Overvalued
P0178,2023,Amit Mishra,Bowler,Indian,50.0,50.0,LSG,362,389,54,0,0,29,5,93.05912596401028,21,24,87.5,0,0,71,0,0,91.02564102564102,12,166,3245,3976,12,4,1,7.351617873651772,6,7.7857142857142865,84,20,384,7.046875,14,400.0,5.0,1,1,0,26,0,163.72122996947084,₹0–2 Cr,113.72122996947084,113.72122996947084,113.72122996947084,1.1372122996947085,3.274424599389417,Undervalued
P0121,2023,Shakib Al Hasan,All-Rounder,Overseas,150.0,150.0,KKR,793,637,52,0,2,73,21,124.48979591836736,47,48,97.91666666666666,0,0,295,0,0,115.68627450980394,9,63,1484,1839,2,0,0,7.435309973045822,4,7.192307692307692,156,20,563,7.865008880994671,9,300.0,4.0,1,1,0,18,0,228.00698020699784,₹0–2 Cr,78.00698020699784,78.00698020699784,78.00698020699784,0.7800698020699783,1.520046534713319,Fair Value
P0078,2023,Heinrich Klaasen,Wicket-Keeper,Overseas,100.0,525.0,SRH,66,57,6,0,0,5,1,115.78947368421052,9,10,90.0,0,0,66,0,0,115.78947368421052,2,0,0,0,0,0,0,0.0,0,0.0,0,0,0,0.0,0,50.0,1.0,1,0,0,2,0,158.8646861092147,₹5–10 Cr,-366.1353138907853,366.1353138907853,-366.1353138907853,-3.6613531389078533,0.3025994021127899,Overvalued
P0066,2023,Mandeep Singh,Batsman,Indian,50.0,50.0,KKR,1692,1372,94,0,6,176,37,123.32361516034986,18,23,78.26086956521739,0,0,163,1,0,111.64383561643837,12,0,12,26,0,0,0,13.0,0,13.0,12,0,12,13.0,1,110.0,2.0,1,1,0,13,0,117.20333179331932,₹0–2 Cr,67.20333179331931,67.20333179331931,67.20333179331932,0.6720333179331932,2.3440666358663864,Fair Value
P0051,2023,Kane Williamson,Batsman,Overseas,200.0,200.0,GT,2101,1667,74,0,18,181,64,126.03479304139172,216,231,93.5064935064935,1,0,799,6,0,113.65576102418208,8,0,18,31,0,0,0,10.333333333333334,0,12.0,12,0,18,10.333333333333334,2,300.0,2.0,1,1,0,10,0,268.25131706818246,₹0–2 Cr,68.25131706818246,68.25131706818246,68.25131706818246,0.6825131706818246,1.3412565853409122,Fair Value
P0047,2023,Nicholas Pooran,Wicket-Keeper,Overseas,200.0,1600.0,LSG,912,603,43,0,4,51,65,151.24378109452735,306,212,144.33962264150944,2,0,744,4,0,150.0,4,0,0,0,0,0,0,0.0,0,0.0,0,0,0,0.0,0,1075.0,1.0,1,0,0,4,0,1348.0362499075002,₹10+ Cr,-251.96375009249985,251.96375009249985,-251.96375009249982,-2.5196375009249983,0.8425226561921876,Overvalued
P0035,2023,Mayank Agarwal,Batsman,Indian,100.0,825.0,SRH,2327,1733,107,1,12,226,91,134.27582227351414,196,160,122.5,1,0,1061,7,1,142.41610738255034,12,0,0,0,0,0,0,0.0,0,0.0,0,0,0,0.0,0,100.0,3.0,1,0,0,12,0,659.0331024015832,₹5–10 Cr,-165.96689759841684,165.96689759841684,-165.96689759841684,-1.6596689759841683,0.7988280029110099,Overvalued
P0114,2023,Ben Stokes,All-Rounder,Overseas,200.0,1625.0,CSK,920,684,41,2,2,79,32,134.5029239766082,0,3,0.0,0,0,408,1,1,135.09933774834437,5,28,683,974,3,0,0,8.556368960468522,0,12.0,6,8,197,10.81218274111675,5,0.0,0.0,1,1,0,10,0,717.7014571982298,₹10+ Cr,-907.2985428017702,907.2985428017702,-907.2985428017702,-9.072985428017702,0.4416624351989107,Overvalued
,2023,Shaik Rasheed,Batsman,Indian,20.0,20.0,CSK,0,0,0,0,0,0,0,0.0,0,0,0.0,0,0,0,0,0,0.0,0,0,0,0,0,0,0,0.0,0,0.0,0,0,0,0.0,0,0.0,,0,0,0,0,0,110.08526455056162,₹0–2 Cr,90.08526455056162,90.08526455056162,90.08526455056162,0.9008526455056162,5.504263227528081,Fair Value
,2023,Samarth Vyas,All-Rounder,Indian,20.0,20.0,SRH,0,0,0,0,0,0,0,0.0,0,0,0.0,0,0,0,0,0,0.0,0,0,0,0,0,0,0,0.0,0,0.0,0,0,0,0.0,0,0.0,,0,0,0,0,0,117.0631084083359,₹0–2 Cr,97.0631084083359,97.0631084083359,97.0631084083359,0.9706310840833591,5.853155420416796,Fair Value
,2023,Sonu Yadav,All-Rounder,Indian,20.0,20.0,RCB,0,0,0,0,0,0,0,0.0,0,0,0.0,0,0,0,0,0,0.0,0,0,0,0,0,0,0,0.0,0,0.0,0,0,0,0.0,0,0.0,,0,0,0,0,0,117.0631084083359,₹0–2 Cr,97.0631084083359,97.0631084083359,97.0631084083359,0.9706310840833591,5.853155420416796,Fair Value
,2023,Raghav Goyal,Bowler,Indian,20.0,20.0,MI,0,0,0,0,0,0,0,0.0,0,0,0.0,0,0,0,0,0,0.0,0,0,0,0,0,0,0,0.0,0,0.0,0,0,0,0.0,0,0.0,,0,0,0,0,0,118.67426430406968,₹0–2 Cr,98.67426430406968,98.67426430406968,98.67426430406968,0.9867426430406968,5.933713215203484,Fair Value
,2023,Nehal Wadhera,All-Rounder,Indian,20.0,20.0,MI,0,0,0,0,0,0,0,0.0,0,0,0.0,0,0,0,0,0,0.0,0,0,0,0,0,0,0,0.0,0,0.0,0,0,0,0.0,0,0.0,,0,0,0,0,0,117.0631084083359,₹0–2 Cr,97.0631084083359,97.0631084083359,97.0631084083359,0.9706310840833591,5.853155420416796,Fair Value
,2023,Murugan Ashwin,Bowler,Indian,20.0,20.0,RR,0,0,0,0,0,0,0,0.0,0,0,0.0,0,0,0,0,0,0.0,0,0,0,0,0,0,0,0.0,0,0.0,0,0,0,0.0,0,0.0,,0,0,0,0,0,118.67426430406968,₹0–2 Cr,98.67426430406968,98.67426430406968,98.67426430406968,0.9867426430406968,5.933713215203484,Fair Value
,2023,Vidwath Kaverappa,Bowler,Indian,20.0,20.0,PBKS,0,0,0,0,0,0,0,0.0,0,0,0.0,0,0,0,0,0,0.0,0,0,0,0,0,0,0,0.0,0,0.0,0,0,0,0.0,0,0.0,,0,0,0,0,0,118.67426430406968,₹0–2 Cr,98.67426430406968,98.67426430406968,98.67426430406968,0.9867426430406968,5.933713215203484,Fair Value
,2023,Yudhvir Charak,All-Rounder,Indian,20.0,20.0,LSG,0,0,0,0,0,0,0,0.0,0,0,0.0,0,0,0,0,0,0.0,0,0,0,0,0,0,0,0.0,0,0.0,0,0,0,0.0,0,0.0,,0,0,0,0,0,117.0631084083359,₹0–2 Cr,97.0631084083359,97.0631084083359,97.0631084083359,0.9706310840833591,5.853155420416796,Fair Value
,2023,Joshua Little,Bowler,Overseas,50.0,440.00000000000006,GT,0,0,0,0,0,0,0,0.0,0,0,0.0,0,0,0,0,0,0.0,0,0,0,0,0,0,0,0.0,0,0.0,0,0,0,0.0,0,0.0,,0,0,0,0,0,196.19689931298905,₹2–5 Cr,-243.803100687011,243.803100687011,-243.803100687011,-2.4380310068701103,0.44590204389315685,Overvalued
,2023,Vaibhav Arora,Bowler,Indian,20.0,60.0,KKR,0,0,0,0,0,0,0,0.0,0,0,0.0,0,0,0,0,0,0.0,0,0,0,0,0,0,0,0.0,0,0.0,0,0,0,0.0,0,0.0,,0,0,0,0,0,118.67426430406968,₹0–2 Cr,58.67426430406968,58.67426430406968,58.67426430406968,0.5867426430406968,1.977904405067828,Fair Value
,2023,Nishant Sindhu,All-Rounder,Indian,20.0,60.0,CSK,0,0,0,0,0,0,0,0.0,0,0,0.0,0,0,0,0,0,0.0,0,0,0,0,0,0,0,0.0,0,0.0,0,0,0,0.0,0,0.0,,0,0,0,0,0,117.0631084083359,₹0–2 Cr,57.06310840833591,57.06310840833591,57.06310840833591,0.570631084083359,1.9510518068055984,Fair Value
,2023,Avinash Singh,Bowler,Indian,20.0,60.0,RCB,0,0,0,0,0,0,0,0.0,0,0,0.0,0,0,0,0,0,0.0,0,0,0,0,0,0,0,0.0,0,0.0,0,0,0,0.0,0,0.0,,0,0,0,0,0,118.67426430406968,₹0–2 Cr,58.67426430406968,58.67426430406968,58.67426430406968,0.5867426430406968,1.977904405067828,Fair Value
,2023,Rajan Kumar,Bowler,Indian,20.0,70.0,RCB,0,0,0,0,0,0,0,0.0,0,0,0.0,0,0,0,0,0,0.0,0,0,0,0,0,0,0,0.0,0,0.0,0,0,0,0.0,0,0.0,,0,0,0,0,0,118.67426430406968,₹0–2 Cr,48.67426430406968,48.67426430406968,48.67426430406968,0.4867426430406968,1.695346632915281,Fair Value
,2023,Reece Topley,Bowler,Overseas,75.0,190.0,RCB,0,0,0,0,0,0,0,0.0,0,0,0.0,0,0,0,0,0,0.0,0,0,0,0,0,0,0,0.0,0,0.0,0,0,0,0.0,0,0.0,,0,0,0,0,0,196.19689931298905,₹0–2 Cr,6.196899312989046,6.196899312989046,6.196899312989046,0.061968993129890466,1.0326152595420477,Fair Value
,2023,Phil Salt,Wicket-Keeper,Overseas,200.0,200.0,DC,0,0,0,0,0,0,0,0.0,0,0,0.0,0,0,0,0,0,0.0,0,0,0,0,0,0,0,0.0,0,0.0,0,0,0,0.0,0,0.0,,0,0,0,0,0,118.3114154889078,₹0–2 Cr,-81.68858451109219,81.68858451109219,-81.6885845110922,-0.816885845110922,0.591557077444539,Fair Value
,2023,Litton Das,Wicket-Keeper,Overseas,50.0,50.0,KKR,0,0,0,0,0,0,0,0.0,0,0,0.0,0,0,0,0,0,0.0,0,0,0,0,0,0,0,0.0,0,0.0,0,0,0,0.0,0,0.0,,0,0,0,0,0,118.3114154889078,₹0–2 Cr,68.31141548890781,68.31141548890781,68.3114154889078,0.683114154889078,2.366228309778156,Fair Value
,2023,Odean Smith,All-Rounder,Overseas,50.0,50.0,GT,0,0,0,0,0,0,0,0.0,0,0,0.0,0,0,0,0,0,0.0,0,0,0,0,0,0,0,0.0,0,0.0,0,0,0,0.0,0,0.0,,0,0,0,0,0,246.0427663582201,₹0–2 Cr,196.0427663582201,196.0427663582201,196.0427663582201,1.9604276635822009,4.920855327164402,Undervalued
,2023,Harry Brook,Batsman,Overseas,150.0,1325.0,SRH,0,0,0,0,0,0,0,0.0,0,0,0.0,0,0,0,0,0,0.0,0,0,0,0,0,0,0,0.0,0,0.0,0,0,0,0.0,0,0.0,,0,0,0,0,0,187.70976138329345,₹10+ Cr,-1137.2902386167066,1137.2902386167066,-1137.2902386167066,-11.372902386167066,0.14166774444022148,Overvalued
,2023,Himanshu Sharma,Bowler,Indian,20.0,20.0,RCB,0,0,0,0,0,0,0,0.0,0,0,0.0,0,0,0,0,0,0.0,0,0,0,0,0,0,0,0.0,0,0.0,0,0,0,0.0,0,0.0,,0,0,0,0,0,118.67426430406968,₹0–2 Cr,98.67426430406968,98.67426430406968,98.67426430406968,0.9867426430406968,5.933713215203484,Fair Value
,2023,Ajay Mandal,All-Rounder,Indian,20.0,20.0,CSK,0,0,0,0,0,0,0,0.0,0,0,0.0,0,0,0,0,0,0.0,0,0,0,0,0,0,0,0.0,0,0.0,0,0,0,0.0,0,0.0,,0,0,0,0,0,117.0631084083359,₹0–2 Cr,97.0631084083359,97.0631084083359,97.0631084083359,0.9706310840833591,5.853155420416796,Fair Value
,2023,Duan Jansen,All-Rounder,Overseas,20.0,20.0,MI,0,0,0,0,0,0,0,0.0,0,0,0.0,0,0,0,0,0,0.0,0,0,0,0,0,0,0,0.0,0,0.0,0,0,0,0.0,0,0.0,,0,0,0,0,0,246.0427663582201,₹0–2 Cr,226.0427663582201,226.0427663582201,226.0427663582201,2.2604276635822007,12.302138317911005,Undervalued
,2023,Bhagath Varma,All-Rounder,Indian,20.0,20.0,CSK,0,0,0,0,0,0,0,0.0,0,0,0.0,0,0,0,0,0,0.0,0,0,0,0,0,0,0,0.0,0,0.0,0,0,0,0.0,0,0.0,,0,0,0,0,0,117.0631084083359,₹0–2 Cr,97.0631084083359,97.0631084083359,97.0631084083359,0.9706310840833591,5.853155420416796,Fair Value
,2023,Akash Vashisht,All-Rounder,Indian,20.0,20.0,RR,0,0,0,0,0,0,0,0.0,0,0,0.0,0,0,0,0,0,0.0,0,0,0,0,0,0,0,0.0,0,0.0,0,0,0,0.0,0,0.0,,0,0,0,0,0,117.0631084083359,₹0–2 Cr,97.0631084083359,97.0631084083359,97.0631084083359,0.9706310840833591,5.853155420416796,Fair Value
P0522,2023,Akeal Hosein,Bowler,Overseas,100.0,100.0,SRH,0,0,0,0,0,0,0,0.0,0,0,0.0,0,0,0,0,0,0.0,0,0,0,0,0,0,0,0.0,0,0.0,0,0,0,0.0,0,0.0,0.0,0,0,0,0,0,202.4121265487493,₹0–2 Cr,102.41212654874934,102.41212654874934,102.41212654874931,1.0241212654874932,2.024121265487493,Undervalued
P0523,2023,Adam Zampa,Bowler,Overseas,150.0,150.0,RR,5,8,2,0,0,1,0,62.5,5,7,71.42857142857143,0,0,5,0,0,62.5,2,21,287,370,1,0,1,7.735191637630662,2,8.363636363636363,66,21,287,7.735191637630662,3,30.0,1.0,1,1,0,5,0,173.042697861952,₹0–2 Cr,23.042697861952007,23.042697861952007,23.042697861952007,0.23042697861952008,1.1536179857463467,Fair Value
P0567,2023,Mukesh Kumar,Bowler,Indian,20.0,550.0,DC,0,0,0,0,0,0,0,0.0,0,0,0.0,0,0,0,0,0,0.0,0,0,0,0,0,0,0,0.0,0,0.0,0,0,0,0.0,0,0.0,0.0,0,0,0,0,0,118.97564863234452,₹5–10 Cr,-431.0243513676554,431.0243513676554,-431.02435136765547,-4.3102435136765544,0.2163193611497173,Overvalued
P0564,2023,Joe Root,Batsman,Overseas,100.0,100.0,RR,0,0,0,0,0,0,0,0.0,0,0,0.0,0,0,0,0,0,0.0,0,0,0,0,0,0,0,0.0,0,0.0,0,0,0,0.0,0,0.0,0.0,0,0,0,0,0,193.840539245101,₹0–2 Cr,93.840539245101,93.840539245101,93.84053924510101,0.9384053924510102,1.93840539245101,Fair Value
P0572,2023,Donovan Ferreira,Wicket-Keeper,Overseas,20.0,50.0,RR,0,0,0,0,0,0,0,0.0,0,0,0.0,0,0,0,0,0,0.0,0,0,0,0,0,0,0,0.0,0,0.0,0,0,0,0.0,0,0.0,0.0,0,0,0,0,0,119.97819732699352,₹0–2 Cr,69.97819732699351,69.97819732699351,69.97819732699352,0.6997819732699352,2.3995639465398706,Fair Value
,2023,Harpreet Bhatia,Batsman,Indian,20.0,40.0,PBKS,0,0,0,0,0,0,0,0.0,0,0,0.0,0,0,0,0,0,0.0,0,0,0,0,0,0,0,0.0,0,0.0,0,0,0,0.0,0,0.0,,0,0,0,0,0,110.08526455056162,₹0–2 Cr,70.08526455056162,70.08526455056162,70.08526455056162,0.7008526455056162,2.7521316137640404,Fair Value
,2023,Romario Shepherd,All-Rounder,Overseas,50.0,50.0,LSG,0,0,0,0,0,0,0,0.0,0,0,0.0,0,0,0,0,0,0.0,0,0,0,0,0,0,0,0.0,0,0.0,0,0,0,0.0,0,0.0,,0,0,0,0,0,246.0427663582201,₹0–2 Cr,196.0427663582201,196.0427663582201,196.0427663582201,1.9604276635822009,4.920855327164402,Undervalued
P0517,2023,Jhye Richardson,Bowler,Overseas,150.0,150.0,MI,15,24,2,0,0,2,0,62.5,15,24,62.5,0,0,15,0,0,62.5,1,3,66,117,0,0,0,10.636363636363637,3,10.636363636363637,66,3,66,10.636363636363637,1,1400.0,1.0,1,1,0,2,0,216.5136595574789,₹0–2 Cr,66.51365955747886,66.51365955747886,66.51365955747889,0.6651365955747889,1.4434243970498593,Fair Value
P0404,2023,Daniel Sams,All-Rounder,Overseas,75.0,75.0,LSG,44,44,13,0,0,1,3,100.0,38,36,105.55555555555556,0,0,44,0,0,100.0,3,14,360,523,1,1,0,8.716666666666667,13,8.809523809523808,252,14,360,8.716666666666667,3,260.0,1.0,1,1,0,6,0,259.6937318247196,₹0–2 Cr,184.6937318247196,184.6937318247196,184.69373182471958,1.8469373182471958,3.462583090996261,Undervalued
P0463,2023,Sanvir Singh,All-Rounder,Indian,20.0,20.0,SRH,0,0,0,0,0,0,0,0.0,0,0,0.0,0,0,0,0,0,0.0,0,0,0,0,0,0,0,0.0,0,0.0,0,0,0,0.0,0,0.0,0.0,0,0,0,0,0,112.98793073886183,₹0–2 Cr,92.98793073886183,92.98793073886183,92.98793073886183,0.9298793073886183,5.649396536943092,Fair Value
P0511,2023,Naveen Ul Haq,Bowler,Overseas,50.0,50.0,LSG,0,0,0,0,0,0,0,0.0,0,0,0.0,0,0,0,0,0,0.0,0,0,0,0,0,0,0,0.0,0,0.0,0,0,0,0.0,0,0.0,0.0,0,0,0,0,0,202.4121265487493,₹0–2 Cr,152.41212654874934,152.41212654874934,152.4121265487493,1.5241212654874932,4.048242530974986,Undervalued
P0482,2023,Adil Rashid,Bowler,Overseas,200.0,200.0,SRH,0,0,0,0,0,0,0,0.0,0,0,0.0,0,0,0,0,0,0.0,0,0,18,35,0,0,0,11.666666666666666,0,11.666666666666666,18,0,18,11.666666666666666,1,0.0,0.0,0,1,0,1,0,251.969940540092,₹0–2 Cr,51.96994054009198,51.96994054009198,51.96994054009201,0.5196994054009201,1.25984970270046,Fair Value
P0399,2023,Mayank Markande,Bowler,Indian,50.0,50.0,SRH,27,29,7,0,0,3,0,93.10344827586206,6,5,120.0,0,0,27,0,0,93.10344827586206,2,17,360,510,1,1,0,8.5,1,8.142857142857142,42,2,96,8.875,4,65.0,2.0,1,1,0,6,0,89.24214920542752,₹0–2 Cr,39.24214920542752,39.24214920542752,39.24214920542752,0.39242149205427523,1.7848429841085505,Fair Value
P0388,2023,Shivam Mavi,Bowler,Indian,40.0,600.0,GT,51,56,11,0,0,4,2,91.07142857142856,3,7,42.85714285714285,0,0,38,0,0,92.6829268292683,4,30,649,942,0,1,0,8.708782742681048,5,10.318181818181818,132,25,481,8.382536382536383,4,725.0,2.0,1,1,0,8,0,387.8355348399049,₹5–10 Cr,-212.16446516009512,212.16446516009512,-212.16446516009512,-2.1216446516009513,0.6463925580665081,Overvalued
P0380,2023,Vishnu Vinod,Wicket-Keeper,Indian,20.0,20.0,MI,19,26,3,0,0,1,1,73.07692307692307,19,26,73.07692307692307,0,0,19,0,0,73.07692307692307,1,0,0,0,0,0,0,0.0,0,0.0,0,0,0,0.0,0,50.0,2.0,1,0,0,1,0,64.28889927860153,₹0–2 Cr,44.288899278601534,44.288899278601534,44.288899278601534,0.44288899278601535,3.2144449639300765,Fair Value
P0379,2023,Ishant Sharma,Bowler,Indian,50.0,50.0,DC,55,61,18,0,0,4,2,90.1639344262295,10,3,333.33333333333337,0,0,22,0,0,110.0,6,72,1997,2701,2,0,1,8.115172759138709,1,8.083333333333334,72,14,366,7.7377049180327875,12,110.0,5.0,1,1,0,18,0,121.69018830379996,₹0–2 Cr,71.69018830379996,71.69018830379996,71.69018830379996,0.7169018830379996,2.4338037660759992,Fair Value
,2023,Nitish Kumar Reddy,Wicket-Keeper,Indian,20.0,20.0,SRH,0,0,0,0,0,0,0,0.0,0,0,0.0,0,0,0,0,0,0.0,0,0,0,0,0,0,0,0.0,0,0.0,0,0,0,0.0,0,0.0,,0,0,0,0,0,91.4586211828708,₹0–2 Cr,71.45862118287081,71.45862118287081,71.4586211828708,0.714586211828708,4.57293105914354,Fair Value
,2023,Kunal Rathore,Wicket-Keeper,Indian,20.0,20.0,RR,0,0,0,0,0,0,0,0.0,0,0,0.0,0,0,0,0,0,0.0,0,0,0,0,0,0,0,0.0,0,0.0,0,0,0,0.0,0,0.0,,0,0,0,0,0,91.4586211828708,₹0–2 Cr,71.45862118287081,71.45862118287081,71.4586211828708,0.714586211828708,4.57293105914354,Fair Value
P0712,2023,Mayank Dagar,All-Rounder,Indian,20.0,180.0,SRH,0,0,0,0,0,0,0,0.0,0,0,0.0,0,0,0,0,0,0.0,0,0,0,0,0,0,0,0.0,0,0.0,0,0,0,0.0,0,20.0,1.0,0,0,0,0,0,107.66658682913238,₹0–2 Cr,-72.33341317086762,72.33341317086762,-72.33341317086762,-0.7233341317086761,0.5981477046062911,Fair Value
P0708,2023,Suyash Sharma,Bowler,Indian,20.0,20.0,KKR,0,0,0,0,0,0,0,0.0,0,0,0.0,0,0,0,0,0,0.0,0,0,0,0,0,0,0,0.0,0,0.0,0,0,0,0.0,0,0.0,0.0,0,0,0,0,0,118.97564863234452,₹0–2 Cr,98.97564863234452,98.97564863234452,98.97564863234452,0.9897564863234452,5.948782431617226,Fair Value
P0690,2023,Yash Thakur,Bowler,Indian,20.0,45.0,LSG,0,0,0,0,0,0,0,0.0,0,0,0.0,0,0,0,0,0,0.0,0,0,0,0,0,0,0,0.0,0,0.0,0,0,0,0.0,0,0.0,0.0,0,0,0,0,0,118.97564863234452,₹0–2 Cr,73.97564863234453,73.97564863234453,73.97564863234452,0.7397564863234452,2.643903302940989,Fair Value
P0668,2023,Shams Mulani,All-Rounder,Indian,20.0,20.0,MI,0,0,0,0,0,0,0,0.0,0,0,0.0,0,0,0,0,0,0.0,0,0,0,0,0,0,0,0.0,0,0.0,0,0,0,0.0,0,0.0,0.0,0,0,0,0,0,112.98793073886183,₹0–2 Cr,92.98793073886183,92.98793073886183,92.98793073886183,0.9298793073886183,5.649396536943092,Fair Value
P0660,2023,Mohit Rathee,All-Rounder,Indian,20.0,20.0,PBKS,0,0,0,0,0,0,0,0.0,0,0,0.0,0,0,0,0,0,0.0,0,0,0,0,0,0,0,0.0,0,0.0,0,0,0,0.0,0,0.0,0.0,0,0,0,0,0,112.98793073886183,₹0–2 Cr,92.98793073886183,92.98793073886183,92.98793073886183,0.9298793073886183,5.649396536943092,Fair Value
P0659,2023,Manoj Bhandage,All-Rounder,Indian,20.0,20.0,RCB,0,0,0,0,0,0,0,0.0,0,0,0.0,0,0,0,0,0,0.0,0,0,0,0,0,0,0,0.0,0,0.0,0,0,0,0.0,0,0.0,0.0,0,0,0,0,0,112.98793073886183,₹0–2 Cr,92.98793073886183,92.98793073886183,92.98793073886183,0.9298793073886183,5.649396536943092,Fair Value
P0716,2023,Kulwant Khejroliya,Bowler,Indian,20.0,20.0,KKR,0,0,0,0,0,0,0,0.0,0,0,0.0,0,0,0,0,0,0.0,0,3,95,153,0,0,0,9.66315789473684,1,9.2,30,3,95,9.66315789473684,2,85.0,2.0,0,1,0,2,0,85.89067807051381,₹0–2 Cr,65.89067807051381,65.89067807051381,65.89067807051381,0.6589067807051382,4.294533903525691,Fair Value
P0345,2026,Wanindu Hasaranga,Unknown,Overseas,,200.0,LSG,81,88,19,0,0,7,1,92.04545454545456,9,15,60.0,0,0,80,0,0,93.02325581395348,4,46,798,1119,0,2,1,8.413533834586467,11,9.048780487804878,246,46,762,8.338582677165354,4,1075.0,1.0,1,1,0,8,0,325.65536230800853,₹0–2 Cr,125.65536230800852,125.65536230800852,125.65536230800853,1.2565536230800853,1.6282768115400428,Undervalued
P0210,2026,Josh Inglis,Wicket-Keeper,Overseas,,860.0,LSG,278,171,11,0,1,26,16,162.5730994152047,278,171,162.5730994152047,1,0,278,1,0,162.5730994152047,1,0,0,0,0,0,0,0.0,0,0.0,0,0,0,0.0,0,0.0,0.0,1,0,0,1,0,649.8151668650258,₹5–10 Cr,-210.18483313497416,210.18483313497416,-210.18483313497416,-2.1018483313497414,0.7555990312384021,Overvalued
P0166,2026,Rachin Ravindra,Unknown,Overseas,,200.0,KKR,413,287,18,0,2,40,16,143.90243902439025,191,149,128.18791946308724,1,0,413,2,0,143.90243902439025,2,0,12,7,0,0,0,3.5,0,3.5,12,0,12,3.5,1,0.0,0.0,1,1,0,3,0,216.761698556755,₹0–2 Cr,16.761698556754993,16.761698556754993,16.761698556754993,0.16761698556754992,1.083808492783775,Fair Value
P0079,2026,Venkatesh Iyer,Unknown,Indian,,700.0,RCB,1468,1069,56,1,12,136,65,137.3246024321796,142,102,139.2156862745098,1,0,916,7,1,149.67320261437908,5,3,81,143,0,0,0,10.592592592592592,0,28.0,6,3,81,10.592592592592592,3,20.0,1.0,1,1,0,8,0,609.8367628420058,₹5–10 Cr,-90.16323715799422,90.16323715799422,-90.16323715799422,-0.9016323715799421,0.8711953754885797,Fair Value
P0058,2026,Prithvi Shaw,Unknown,Indian,,75.0,DC,1892,1283,79,0,14,238,61,147.4668745128605,198,121,163.63636363636363,1,0,587,4,0,150.12787723785166,7,0,0,0,0,0,0,0.0,0,0.0,0,0,0,0.0,0,120.0,1.0,1,0,0,7,0,262.91933778875995,₹0–2 Cr,187.91933778875995,187.91933778875995,187.91933778875995,1.8791933778875995,3.5055911705167992,Undervalued
P0103,2026,Liam Livingstone,Unknown,Overseas,,1300.0,SRH,1051,662,47,0,7,70,75,158.76132930513594,112,84,133.33333333333331,1,0,502,3,0,150.75075075075074,6,13,312,469,1,0,0,9.01923076923077,2,8.444444444444445,54,7,168,9.071428571428571,5,1150.0,3.0,1,1,0,11,0,1050.3656264810063,₹10+ Cr,-249.63437351899347,249.63437351899347,-249.6343735189937,-2.496343735189937,0.8079735588315433,Overvalued
P0219,2026,Jason Holder,All-Rounder,Overseas,,700.0,GT,259,211,27,0,0,13,18,122.74881516587676,12,11,109.09090909090908,0,0,155,0,0,122.0472440944882,6,53,995,1461,7,1,0,8.810050251256282,4,9.964912280701752,171,34,611,9.054009819967266,7,575.0,5.0,1,1,0,13,0,529.947703605702,₹5–10 Cr,-170.05229639429797,170.05229639429797,-170.05229639429797,-1.7005229639429797,0.7570681480081458,Overvalued
,2026,Finn Allen,Unknown,Overseas,,200.0,KKR,0,0,0,0,0,0,0,0.0,0,0,0.0,0,0,0,0,0,0.0,0,0,0,0,0,0,0,0.0,0,0.0,0,0,0,0.0,0,0.0,,0,0,0,0,0,107.14651731683928,₹0–2 Cr,-92.85348268316072,92.85348268316072,-92.85348268316072,-0.9285348268316072,0.5357325865841964,Fair Value
,2026,Ben Duckett,Unknown,Overseas,,200.0,DC,0,0,0,0,0,0,0,0.0,0,0,0.0,0,0,0,0,0,0.0,0,0,0,0,0,0,0,0.0,0,0.0,0,0,0,0.0,0,0.0,,0,0,0,0,0,107.14651731683928,₹0–2 Cr,-92.85348268316072,92.85348268316072,-92.85348268316072,-0.9285348268316072,0.5357325865841964,Fair Value
,2026,Mohammed Izhar,Bowler,Indian,,30.0,MI,0,0,0,0,0,0,0,0.0,0,0,0.0,0,0,0,0,0,0.0,0,0,0,0,0,0,0,0.0,0,0.0,0,0,0,0.0,0,0.0,,0,0,0,0,0,118.67426430406968,₹0–2 Cr,88.67426430406968,88.67426430406968,88.67426430406968,0.8867426430406968,3.955808810135656,Fair Value
,2026,Mayank Rawat,All-Rounder,Indian,,30.0,MI,0,0,0,0,0,0,0,0.0,0,0,0.0,0,0,0,0,0,0.0,0,0,0,0,0,0,0,0.0,0,0.0,0,0,0,0.0,0,0.0,,0,0,0,0,0,117.0631084083359,₹0–2 Cr,87.0631084083359,87.0631084083359,87.0631084083359,0.8706310840833591,3.902103613611197,Fair Value
,2026,Praful Hinge,Bowler,Indian,,30.0,SRH,0,0,0,0,0,0,0,0.0,0,0,0.0,0,0,0,0,0,0.0,0,0,0,0,0,0,0,0.0,0,0.0,0,0,0,0.0,0,0.0,,0,0,0,0,0,118.67426430406968,₹0–2 Cr,88.67426430406968,88.67426430406968,88.67426430406968,0.8867426430406968,3.955808810135656,Fair Value
,2026,Prashant Solanki,Unknown,Indian,,30.0,KKR,0,0,0,0,0,0,0,0.0,0,0,0.0,0,0,0,0,0,0.0,0,0,0,0,0,0,0,0.0,0,0.0,0,0,0,0.0,0,0.0,,0,0,0,0,0,325.74063076283744,₹0–2 Cr,295.74063076283744,295.74063076283744,295.74063076283744,2.9574063076283745,10.858021025427915,Undervalued
,2026,Praveen Dubey,Bowler,Indian,,30.0,PBKS,0,0,0,0,0,0,0,0.0,0,0,0.0,0,0,0,0,0,0.0,0,0,0,0,0,0,0,0.0,0,0.0,0,0,0,0.0,0,0.0,,0,0,0,0,0,118.67426430406968,₹0–2 Cr,88.67426430406968,88.67426430406968,88.67426430406968,0.8867426430406968,3.955808810135656,Fair Value
,2026,Onkar Tarmale,Bowler,Indian,,30.0,SRH,0,0,0,0,0,0,0,0.0,0,0,0.0,0,0,0,0,0,0.0,0,0,0,0,0,0,0,0.0,0,0.0,0,0,0,0.0,0,0.0,,0,0,0,0,0,118.67426430406968,₹0–2 Cr,88.67426430406968,88.67426430406968,88.67426430406968,0.8867426430406968,3.955808810135656,Fair Value
,2026,Prithvi Raj,Bowler,Indian,,30.0,GT,0,0,0,0,0,0,0,0.0,0,0,0.0,0,0,0,0,0,0.0,0,0,0,0,0,0,0,0.0,0,0.0,0,0,0,0.0,0,0.0,,0,0,0,0,0,118.67426430406968,₹0–2 Cr,88.67426430406968,88.67426430406968,88.67426430406968,0.8867426430406968,3.955808810135656,Fair Value
,2026,Cooper Connolly,All-Rounder,Overseas,,300.0,PBKS,0,0,0,0,0,0,0,0.0,0,0,0.0,0,0,0,0,0,0.0,0,0,0,0,0,0,0,0.0,0,0.0,0,0,0,0.0,0,0.0,,0,0,0,0,0,246.0427663582201,₹2–5 Cr,-53.95723364177991,53.95723364177991,-53.95723364177991,-0.5395723364177991,0.8201425545274003,Fair Value
,2026,Jack Edwards,All-Rounder,Overseas,,300.0,SRH,0,0,0,0,0,0,0,0.0,0,0,0.0,0,0,0,0,0,0.0,0,0,0,0,0,0,0,0.0,0,0.0,0,0,0,0.0,0,0.0,,0,0,0,0,0,246.0427663582201,₹2–5 Cr,-53.95723364177991,53.95723364177991,-53.95723364177991,-0.5395723364177991,0.8201425545274003,Fair Value
,2026,Tejasvi Singh,Unknown,Indian,,300.0,KKR,0,0,0,0,0,0,0,0.0,0,0,0.0,0,0,0,0,0,0.0,0,0,0,0,0,0,0,0.0,0,0.0,0,0,0,0.0,0,0.0,,0,0,0,0,0,325.74063076283744,₹2–5 Cr,25.74063076283744,25.74063076283744,25.74063076283744,0.2574063076283744,1.0858021025427915,Fair Value
,2026,Mukul Choudhary,Unknown,Indian,,260.0,LSG,0,0,0,0,0,0,0,0.0,0,0,0.0,0,0,0,0,0,0.0,0,0,0,0,0,0,0,0.0,0,0.0,0,0,0,0.0,0,0.0,,0,0,0,0,0,325.74063076283744,₹2–5 Cr,65.74063076283744,65.74063076283744,65.74063076283744,0.6574063076283744,1.252848579857067,Fair Value
,2026,Akshat Raghuwanshi,Batsman,Indian,,220.0,LSG,0,0,0,0,0,0,0,0.0,0,0,0.0,0,0,0,0,0,0.0,0,0,0,0,0,0,0,0.0,0,0.0,0,0,0,0.0,0,0.0,,0,0,0,0,0,110.08526455056162,₹2–5 Cr,-109.91473544943838,109.91473544943838,-109.91473544943838,-1.0991473544943837,0.5003875661389164,Overvalued
,2026,Krains Fuletra,All-Rounder,Indian,,30.0,SRH,0,0,0,0,0,0,0,0.0,0,0,0.0,0,0,0,0,0,0.0,0,0,0,0,0,0,0,0.0,0,0.0,0,0,0,0.0,0,0.0,,0,0,0,0,0,117.0631084083359,₹0–2 Cr,87.0631084083359,87.0631084083359,87.0631084083359,0.8706310840833591,3.902103613611197,Fair Value
,2026,Ben Dwarshuis,All-Rounder,Overseas,,440.0,PBKS,0,0,0,0,0,0,0,0.0,0,0,0.0,0,0,0,0,0,0.0,0,0,0,0,0,0,0,0.0,0,0.0,0,0,0,0.0,0,0.0,,0,0,0,0,0,246.0427663582201,₹2–5 Cr,-193.9572336417799,193.9572336417799,-193.9572336417799,-1.939572336417799,0.5591881053595911,Overvalued
,2026,Daksh Kamra,All-Rounder,Indian,,30.0,KKR,0,0,0,0,0,0,0,0.0,0,0,0.0,0,0,0,0,0,0.0,0,0,0,0,0,0,0,0.0,0,0.0,0,0,0,0.0,0,0.0,,0,0,0,0,0,117.0631084083359,₹0–2 Cr,87.0631084083359,87.0631084083359,87.0631084083359,0.8706310840833591,3.902103613611197,Fair Value
,2026,Brijesh Sharma,Bowler,Indian,,30.0,RR,0,0,0,0,0,0,0,0.0,0,0,0.0,0,0,0,0,0,0.0,0,0,0,0,0,0,0,0.0,0,0.0,0,0,0,0.0,0,0.0,,0,0,0,0,0,118.67426430406968,₹0–2 Cr,88.67426430406968,88.67426430406968,88.67426430406968,0.8867426430406968,3.955808810135656,Fair Value
,2026,Kanishk Chouhan,All-Rounder,Indian,,30.0,RCB,0,0,0,0,0,0,0,0.0,0,0,0.0,0,0,0,0,0,0.0,0,0,0,0,0,0,0,0.0,0,0.0,0,0,0,0.0,0,0.0,,0,0,0,0,0,117.0631084083359,₹0–2 Cr,87.0631084083359,87.0631084083359,87.0631084083359,0.8706310840833591,3.902103613611197,Fair Value
,2026,Danish Malewar,Batsman,Indian,,30.0,MI,0,0,0,0,0,0,0,0.0,0,0,0.0,0,0,0,0,0,0.0,0,0,0,0,0,0,0,0.0,0,0.0,0,0,0,0.0,0,0.0,,0,0,0,0,0,110.08526455056162,₹0–2 Cr,80.08526455056162,80.08526455056162,80.08526455056162,0.8008526455056162,3.669508818352054,Fair Value
,2026,Atharva Ankolekar,All-Rounder,Indian,,30.0,MI,0,0,0,0,0,0,0,0.0,0,0,0.0,0,0,0,0,0,0.0,0,0,0,0,0,0,0,0.0,0,0.0,0,0,0,0.0,0,0.0,,0,0,0,0,0,117.0631084083359,₹0–2 Cr,87.0631084083359,87.0631084083359,87.0631084083359,0.8706310840833591,3.902103613611197,Fair Value
,2026,Amit Kumar,Bowler,Indian,,30.0,SRH,0,0,0,0,0,0,0,0.0,0,0,0.0,0,0,0,0,0,0.0,0,0,0,0,0,0,0,0.0,0,0.0,0,0,0,0.0,0,0.0,,0,0,0,0,0,118.67426430406968,₹0–2 Cr,88.67426430406968,88.67426430406968,88.67426430406968,0.8867426430406968,3.955808810135656,Fair Value
,2026,Pathum Nissanka,Batsman,Overseas,,400.0,DC,0,0,0,0,0,0,0,0.0,0,0,0.0,0,0,0,0,0,0.0,0,0,0,0,0,0,0,0.0,0,0.0,0,0,0,0.0,0,0.0,,0,0,0,0,0,187.70976138329345,₹2–5 Cr,-212.29023861670655,212.29023861670655,-212.29023861670655,-2.1229023861670653,0.4692744034582336,Overvalued
P0129,2026,Cameron Green,Unknown,Overseas,,2520.0,KKR,707,460,28,1,2,62,32,153.69565217391303,255,178,143.25842696629215,0,0,707,2,1,153.69565217391303,2,16,439,664,0,0,0,9.0751708428246,10,8.616113744075829,211,16,439,9.0751708428246,2,1750.0,1.0,1,1,0,4,0,1498.3382954221709,₹10+ Cr,-1021.6617045778293,1021.6617045778293,-1021.6617045778291,-10.21661704577829,0.5945786886595916,Overvalued
P0028,2026,David Miller,Unknown,Overseas,,200.0,DC,3077,2220,133,1,13,220,138,138.6036036036036,153,120,127.5,0,0,622,1,0,142.33409610983983,13,0,0,0,0,0,0,0.0,0,0.0,0,0,0,0.0,0,300.0,3.0,1,0,0,13,0,263.4059840439003,₹0–2 Cr,63.40598404390028,63.40598404390028,63.405984043900276,0.6340598404390028,1.3170299202195013,Fair Value
P0396,2026,Anrich Nortje,Unknown,Overseas,,200.0,LSG,49,49,13,0,0,6,0,100.0,4,8,50.0,0,0,42,0,0,97.67441860465117,4,61,1096,1657,4,0,0,9.07116788321168,1,11.857142857142858,42,18,414,10.73913043478261,6,20.0,1.0,1,1,0,10,0,200.13241476729291,₹0–2 Cr,0.1324147672929427,0.1324147672929427,0.13241476729291435,0.0013241476729291435,1.0006620738364647,Fair Value
P0388,2026,Shivam Mavi,Unknown,Indian,,75.0,SRH,51,56,11,0,0,4,2,91.07142857142856,3,7,42.85714285714285,0,0,38,0,0,92.6829268292683,4,30,649,942,0,1,0,8.708782742681048,5,10.318181818181818,132,25,481,8.382536382536383,4,600.0,3.0,1,1,0,8,0,229.8126229101889,₹0–2 Cr,154.81262291018894,154.81262291018894,154.8126229101889,1.5481262291018891,3.0641683054691855,Undervalued
P0369,2026,Kyle Jamieson,Bowler,Overseas,,200.0,DC,65,60,9,0,0,5,3,108.33333333333331,0,5,0.0,0,0,65,0,0,108.33333333333331,2,14,258,416,2,0,0,9.674418604651162,5,9.8,90,14,258,9.674418604651162,2,100.0,2.0,1,1,0,4,0,166.14927431251309,₹0–2 Cr,-33.850725687486914,33.850725687486914,-33.850725687486914,-0.33850725687486916,0.8307463715625655,Fair Value
P0403,2026,Ravi Bishnoi,Unknown,Indian,,720.0,RR,45,66,16,0,0,2,2,68.18181818181817,13,16,81.25,0,0,37,0,0,75.51020408163265,6,72,1633,2237,4,0,0,8.219228413962034,9,10.83783783783784,222,35,787,8.958068614993646,6,200.0,1.0,1,1,0,12,0,482.85263851064207,₹5–10 Cr,-237.14736148935796,237.14736148935796,-237.14736148935793,-2.3714736148935796,0.670628664598114,Overvalued
P0462,2026,Akash Deep,Unknown,Indian,,100.0,KKR,25,14,5,0,0,2,2,178.57142857142858,6,2,300.0,0,0,25,0,0,208.33333333333331,4,10,278,548,1,0,0,11.827338129496402,3,12.052631578947366,114,5,165,12.472727272727273,4,20.0,1.0,1,1,0,8,0,165.53745598026092,₹0–2 Cr,65.53745598026092,65.53745598026092,65.53745598026092,0.6553745598026092,1.655374559802609,Fair Value
P0470,2026,Adam Milne,Bowler,Overseas,,240.0,RR,23,29,6,0,0,0,1,79.3103448275862,16,17,94.11764705882352,0,0,23,0,0,79.3103448275862,2,7,207,327,0,0,0,9.478260869565217,0,7.6,15,6,183,9.311475409836063,4,190.0,3.0,1,1,0,6,0,208.41395685753497,₹2–5 Cr,-31.58604314246503,31.58604314246503,-31.58604314246503,-0.3158604314246503,0.8683914869063957,Fair Value
P0512,2026,Tom Banton,Wicket-Keeper,Overseas,,200.0,GT,18,20,2,0,0,1,1,90.0,18,20,90.0,0,0,18,0,0,90.0,1,0,0,0,0,0,0,0.0,0,0.0,0,0,0,0.0,0,100.0,1.0,1,0,0,1,0,145.01606631643938,₹0–2 Cr,-54.98393368356062,54.98393368356062,-54.98393368356062,-0.5498393368356063,0.7250803315821969,Fair Value
P0538,2026,Kartik Tyagi,Unknown,Indian,,30.0,KKR,13,16,6,0,0,1,0,81.25,7,6,116.66666666666669,0,0,13,0,0,81.25,3,15,422,713,0,0,0,10.137440758293838,0,12.75,24,2,109,12.22018348623853,5,400.0,2.0,1,1,0,8,0,111.045996198105,₹0–2 Cr,81.04599619810499,81.04599619810499,81.045996198105,0.81045996198105,3.7015332066035,Fair Value
P0522,2026,Akeal Hosein,Unknown,Overseas,,200.0,CSK,16,10,1,0,0,1,1,160.0,16,10,160.0,0,0,16,0,0,160.0,1,1,24,40,0,0,0,10.0,1,10.0,24,1,24,10.0,1,100.0,1.0,1,1,0,2,0,266.22855454556696,₹0–2 Cr,66.22855454556696,66.22855454556696,66.22855454556696,0.6622855454556696,1.3311427727278349,Fair Value
P0540,2026,Mustafizur Rahman,Bowler,Overseas,,920.0,KKR,13,24,7,0,0,0,1,54.16666666666666,0,1,0.0,0,0,4,0,0,57.14285714285714,5,65,1364,1849,6,1,0,8.133431085043988,4,7.909090909090908,66,19,314,9.248407643312104,8,200.0,4.0,1,1,0,13,0,388.51112086908745,₹5–10 Cr,-531.4888791309126,531.4888791309126,-531.4888791309126,-5.314888791309126,0.42229469659683416,Overvalued
,2026,Auqib Nabi,Unknown,Indian,,840.0,DC,0,0,0,0,0,0,0,0.0,0,0,0.0,0,0,0,0,0,0.0,0,0,0,0,0,0,0,0.0,0,0.0,0,0,0,0.0,0,0.0,,0,0,0,0,0,325.74063076283744,₹5–10 Cr,-514.2593692371626,514.2593692371626,-514.2593692371626,-5.142593692371626,0.38778646519385407,Overvalued
,2026,Mangesh Yadav,All-Rounder,Indian,,520.0,RCB,0,0,0,0,0,0,0,0.0,0,0,0.0,0,0,0,0,0,0.0,0,0,0,0,0,0,0,0.0,0,0.0,0,0,0,0.0,0,0.0,,0,0,0,0,0,117.0631084083359,₹5–10 Cr,-402.9368915916641,402.9368915916641,-402.9368915916641,-4.029368915916641,0.2251213623237229,Overvalued
,2026,Rahul Chahar,Unknown,Indian,,520.0,CSK,0,0,0,0,0,0,0,0.0,0,0,0.0,0,0,0,0,0,0.0,0,0,0,0,0,0,0,0.0,0,0.0,0,0,0,0.0,0,0.0,,0,0,0,0,0,325.74063076283744,₹5–10 Cr,-194.25936923716256,194.25936923716256,-194.25936923716256,-1.9425936923716256,0.6264242899285335,Overvalued
,2026,Kartik Sharma,Unknown,Indian,,1420.0,CSK,0,0,0,0,0,0,0,0.0,0,0,0.0,0,0,0,0,0,0.0,0,0,0,0,0,0,0,0.0,0,0.0,0,0,0,0.0,0,0.0,,0,0,0,0,0,325.74063076283744,₹10+ Cr,-1094.2593692371624,1094.2593692371624,-1094.2593692371624,-10.942593692371624,0.2293948103963644,Overvalued
,2026,Matheesha Pathirana,Unknown,Overseas,,1800.0,KKR,0,0,0,0,0,0,0,0.0,0,0,0.0,0,0,0,0,0,0.0,0,0,0,0,0,0,0,0.0,0,0.0,0,0,0,0.0,0,0.0,,0,0,0,0,0,107.14651731683928,₹10+ Cr,-1692.8534826831608,1692.8534826831608,-1692.8534826831608,-16.92853482683161,0.0595258429537996,Overvalued
,2026,Prashant Veer,Unknown,Indian,,1420.0,CSK,0,0,0,0,0,0,0,0.0,0,0,0.0,0,0,0,0,0,0.0,0,0,0,0,0,0,0,0.0,0,0.0,0,0,0,0.0,0,0.0,,0,0,0,0,0,325.74063076283744,₹10+ Cr,-1094.2593692371624,1094.2593692371624,-1094.2593692371624,-10.942593692371624,0.2293948103963644,Overvalued
,2026,Sahil Parekh,Batsman,Indian,,30.0,DC,0,0,0,0,0,0,0,0.0,0,0,0.0,0,0,0,0,0,0.0,0,0,0,0,0,0,0,0.0,0,0.0,0,0,0,0.0,0,0.0,,0,0,0,0,0,110.08526455056162,₹0–2 Cr,80.08526455056162,80.08526455056162,80.08526455056162,0.8008526455056162,3.669508818352054,Fair Value
,2026,Sarthak Ranjan,All-Rounder,Indian,,30.0,KKR,0,0,0,0,0,0,0,0.0,0,0,0.0,0,0,0,0,0,0.0,0,0,0,0,0,0,0,0.0,0,0.0,0,0,0,0.0,0,0.0,,0,0,0,0,0,117.0631084083359,₹0–2 Cr,87.0631084083359,87.0631084083359,87.0631084083359,0.8706310840833591,3.902103613611197,Fair Value
,2026,Sakib Hussain,Bowler,Indian,,30.0,SRH,0,0,0,0,0,0,0,0.0,0,0,0.0,0,0,0,0,0,0.0,0,0,0,0,0,0,0,0.0,0,0.0,0,0,0,0.0,0,0.0,,0,0,0,0,0,118.67426430406968,₹0–2 Cr,88.67426430406968,88.67426430406968,88.67426430406968,0.8867426430406968,3.955808810135656,Fair Value
,2026,Satvik Deswal,All-Rounder,Indian,,30.0,RCB,0,0,0,0,0,0,0,0.0,0,0,0.0,0,0,0,0,0,0.0,0,0,0,0,0,0,0,0.0,0,0.0,0,0,0,0.0,0,0.0,,0,0,0,0,0,117.0631084083359,₹0–2 Cr,87.0631084083359,87.0631084083359,87.0631084083359,0.8706310840833591,3.902103613611197,Fair Value
,2026,Shivang Kumar,Unknown,Indian,,30.0,SRH,0,0,0,0,0,0,0,0.0,0,0,0.0,0,0,0,0,0,0.0,0,0,0,0,0,0,0,0.0,0,0.0,0,0,0,0.0,0,0.0,,0,0,0,0,0,325.74063076283744,₹0–2 Cr,295.74063076283744,295.74063076283744,295.74063076283744,2.9574063076283745,10.858021025427915,Undervalued
,2026,Aman Rao,Batsman,Indian,,30.0,RR,0,0,0,0,0,0,0,0.0,0,0,0.0,0,0,0,0,0,0.0,0,0,0,0,0,0,0,0.0,0,0.0,0,0,0,0.0,0,0.0,,0,0,0,0,0,110.08526455056162,₹0–2 Cr,80.08526455056162,80.08526455056162,80.08526455056162,0.8008526455056162,3.669508818352054,Fair Value
P0025,2026,Quinton de Kock,Unknown,Overseas,,100.0,MI,3309,2469,115,2,24,325,134,134.02187120291617,152,117,129.9145299145299,1,0,545,5,0,134.5679012345679,12,0,0,0,0,0,0,0.0,0,0.0,0,0,0,0.0,0,675.0,4.0,1,0,0,12,0,225.9637360308533,₹0–2 Cr,125.96373603085333,125.96373603085333,125.96373603085331,1.2596373603085331,2.259637360308533,Undervalued
,2026,Salil Arora,Wicket-Keeper,Indian,,150.0,SRH,0,0,0,0,0,0,0,0.0,0,0,0.0,0,0,0,0,0,0.0,0,0,0,0,0,0,0,0.0,0,0.0,0,0,0,0.0,0,0.0,,0,0,0,0,0,91.4586211828708,₹0–2 Cr,-58.54137881712919,58.54137881712919,-58.5413788171292,-0.585413788171292,0.6097241412191386,Fair Value
,2026,Jacob Duffy,Unknown,Overseas,,200.0,RCB,0,0,0,0,0,0,0,0.0,0,0,0.0,0,0,0,0,0,0.0,0,0,0,0,0,0,0,0.0,0,0.0,0,0,0,0.0,0,0.0,,0,0,0,0,0,107.14651731683928,₹0–2 Cr,-92.85348268316072,92.85348268316072,-92.85348268316072,-0.9285348268316072,0.5357325865841964,Fair Value
,2026,Matthew Short,All-Rounder,Overseas,,150.0,CSK,0,0,0,0,0,0,0,0.0,0,0,0.0,0,0,0,0,0,0.0,0,0,0,0,0,0,0,0.0,0,0.0,0,0,0,0.0,0,0.0,,0,0,0,0,0,246.0427663582201,₹0–2 Cr,96.04276635822008,96.04276635822008,96.04276635822009,0.9604276635822009,1.6402851090548005,Fair Value
,2026,Matt Henry,Unknown,Overseas,,200.0,CSK,0,0,0,0,0,0,0,0.0,0,0,0.0,0,0,0,0,0,0.0,0,0,0,0,0,0,0,0.0,0,0.0,0,0,0,0.0,0,0.0,,0,0,0,0,0,107.14651731683928,₹0–2 Cr,-92.85348268316072,92.85348268316072,-92.85348268316072,-0.9285348268316072,0.5357325865841964,Fair Value
,2026,Naman Tiwari,Unknown,Indian,,100.0,LSG,0,0,0,0,0,0,0,0.0,0,0,0.0,0,0,0,0,0,0.0,0,0,0,0,0,0,0,0.0,0,0.0,0,0,0,0.0,0,0.0,,0,0,0,0,0,325.74063076283744,₹0–2 Cr,225.74063076283744,225.74063076283744,225.74063076283744,2.2574063076283744,3.2574063076283744,Undervalued
,2026,Tim Seifert,Wicket-Keeper,Overseas,,150.0,KKR,0,0,0,0,0,0,0,0.0,0,0,0.0,0,0,0,0,0,0.0,0,0,0,0,0,0,0,0.0,0,0.0,0,0,0,0.0,0,0.0,,0,0,0,0,0,118.3114154889078,₹0–2 Cr,-31.688584511092188,31.688584511092188,-31.688584511092202,-0.316885845110922,0.788742769926052,Fair Value
,2026,Ravi Singh,Wicket-Keeper,Indian,,95.0,RR,0,0,0,0,0,0,0,0.0,0,0,0.0,0,0,0,0,0,0.0,0,0,0,0,0,0,0,0.0,0,0.0,0,0,0,0.0,0,0.0,,0,0,0,0,0,91.4586211828708,₹0–2 Cr,-3.5413788171291856,3.5413788171291856,-3.5413788171291998,-0.035413788171291996,0.9627223282407452,Fair Value
P0727,2026,Kuldeep Sen,Bowler,Indian,,75.0,RR,0,3,1,0,0,0,0,0.0,0,3,0.0,0,0,0,0,0,0.0,1,14,241,387,1,1,0,9.634854771784234,6,10.166666666666666,72,14,241,9.634854771784234,3,20.0,1.0,1,1,0,4,0,130.31026462342956,₹0–2 Cr,55.31026462342956,55.31026462342956,55.31026462342956,0.5531026462342956,1.7374701949790607,Fair Value
P0739,2026,Lungi Ngidi,Bowler,Overseas,,200.0,DC,0,2,1,0,0,0,0,0.0,0,2,0.0,0,0,0,0,0,0.0,1,29,372,529,4,1,0,8.53225806451613,4,10.125,48,18,216,10.36111111111111,4,0.0,0.0,1,1,0,5,0,226.44342094284647,₹0–2 Cr,26.443420942846476,26.443420942846476,26.443420942846473,0.26443420942846474,1.1322171047142324,Fair Value
,2026,Yash Raj Punja,Unknown,Indian,,30.0,RR,0,0,0,0,0,0,0,0.0,0,0,0.0,0,0,0,0,0,0.0,0,0,0,0,0,0,0,0.0,0,0.0,0,0,0,0.0,0,0.0,,0,0,0,0,0,325.74063076283744,₹0–2 Cr,295.74063076283744,295.74063076283744,295.74063076283744,2.9574063076283745,10.858021025427915,Undervalued
,2026,Aman Khan,All-Rounder,Indian,,40.0,CSK,0,0,0,0,0,0,0,0.0,0,0,0.0,0,0,0,0,0,0.0,0,0,0,0,0,0,0,0.0,0,0.0,0,0,0,0.0,0,0.0,,0,0,0,0,0,117.0631084083359,₹0–2 Cr,77.0631084083359,77.0631084083359,77.0631084083359,0.7706310840833591,2.926577710208398,Fair Value
,2026,Zak Foulkes,All-Rounder,Overseas,,75.0,CSK,0,0,0,0,0,0,0,0.0,0,0,0.0,0,0,0,0,0,0.0,0,0,0,0,0,0,0,0.0,0,0.0,0,0,0,0.0,0,0.0,,0,0,0,0,0,246.0427663582201,₹0–2 Cr,171.0427663582201,171.0427663582201,171.0427663582201,1.7104276635822009,3.280570218109601,Undervalued
,2026,Sarfaraz Khan,Unknown,Indian,,75.0,CSK,0,0,0,0,0,0,0,0.0,0,0,0.0,0,0,0,0,0,0.0,0,0,0,0,0,0,0,0.0,0,0.0,0,0,0,0.0,0,0.0,,0,0,0,0,0,325.74063076283744,₹0–2 Cr,250.74063076283744,250.74063076283744,250.74063076283744,2.5074063076283744,4.343208410171166,Undervalued
,2026,Rahul Tripathi,Batsman,Indian,,75.0,KKR,0,0,0,0,0,0,0,0.0,0,0,0.0,0,0,0,0,0,0.0,0,0,0,0,0,0,0,0.0,0,0.0,0,0,0,0.0,0,0.0,,0,0,0,0,0,110.08526455056162,₹0–2 Cr,35.08526455056162,35.08526455056162,35.08526455056162,0.3508526455056162,1.4678035273408216,Fair Value
,2026,Luke Wood,Bowler,Overseas,,75.0,GT,0,0,0,0,0,0,0,0.0,0,0,0.0,0,0,0,0,0,0.0,0,0,0,0,0,0,0,0.0,0,0.0,0,0,0,0.0,0,0.0,,0,0,0,0,0,196.19689931298905,₹0–2 Cr,121.19689931298905,121.19689931298905,121.19689931298905,1.2119689931298905,2.615958657506521,Undervalued
,2026,Jordan Cox,Wicket-Keeper,Overseas,,75.0,RCB,0,0,0,0,0,0,0,0.0,0,0,0.0,0,0,0,0,0,0.0,0,0,0,0,0,0,0,0.0,0,0.0,0,0,0,0.0,0,0.0,,0,0,0,0,0,118.3114154889078,₹0–2 Cr,43.31141548890781,43.31141548890781,43.3114154889078,0.433114154889078,1.577485539852104,Fair Value
,2026,Sushant Mishra,Unknown,Indian,,90.0,RR,0,0,0,0,0,0,0,0.0,0,0,0.0,0,0,0,0,0,0.0,0,0,0,0,0,0,0,0.0,0,0.0,0,0,0,0.0,0,0.0,,0,0,0,0,0,325.74063076283744,₹0–2 Cr,235.74063076283744,235.74063076283744,235.74063076283744,2.3574063076283744,3.619340341809305,Undervalued
,2026,Ashok Sharma,Unknown,Indian,,90.0,GT,0,0,0,0,0,0,0,0.0,0,0,0.0,0,0,0,0,0,0.0,0,0,0,0,0,0,0,0.0,0,0.0,0,0,0,0.0,0,0.0,,0,0,0,0,0,325.74063076283744,₹0–2 Cr,235.74063076283744,235.74063076283744,235.74063076283744,2.3574063076283744,3.619340341809305,Undervalued
,2026,Vicky Ostwal,All-Rounder,Indian,,30.0,RCB,0,0,0,0,0,0,0,0.0,0,0,0.0,0,0,0,0,0,0.0,0,0,0,0,0,0,0,0.0,0,0.0,0,0,0,0.0,0,0.0,,0,0,0,0,0,117.0631084083359,₹0–2 Cr,87.0631084083359,87.0631084083359,87.0631084083359,0.8706310840833591,3.902103613611197,Fair Value
,2026,Vignesh Puthur,Unknown,Indian,,30.0,RR,0,0,0,0,0,0,0,0.0,0,0,0.0,0,0,0,0,0,0.0,0,0,0,0,0,0,0,0.0,0,0.0,0,0,0,0.0,0,0.0,,0,0,0,0,0,325.74063076283744,₹0–2 Cr,295.74063076283744,295.74063076283744,295.74063076283744,2.9574063076283745,10.858021025427915,Undervalued
,2026,Vihaan Malhotra,All-Rounder,Indian,,30.0,RCB,0,0,0,0,0,0,0,0.0,0,0,0.0,0,0,0,0,0,0.0,0,0,0,0,0,0,0,0.0,0,0.0,0,0,0,0.0,0,0.0,,0,0,0,0,0,117.0631084083359,₹0–2 Cr,87.0631084083359,87.0631084083359,87.0631084083359,0.8706310840833591,3.902103613611197,Fair Value
,2026,Vishal Nishad,All-Rounder,Indian,,30.0,PBKS,0,0,0,0,0,0,0,0.0,0,0,0.0,0,0,0,0,0,0.0,0,0,0,0,0,0,0,0.0,0,0.0,0,0,0,0.0,0,0.0,,0,0,0,0,0,117.0631084083359,₹0–2 Cr,87.0631084083359,87.0631084083359,87.0631084083359,0.8706310840833591,3.902103613611197,Fair Value
