year,records,mae_lakh,average_actual,average_predicted
2008,79,116.42353648426919,152.0,162.63760566306476
2009,44,127.06722513517091,101.52272727272727,162.88706856725577
2010,40,96.67298705865814,78.4375,157.2846693574973
2011,127,101.70994935440164,219.95039682539684,227.58791893729472
2012,25,113.93236792815236,219.02,207.62057082250027
2013,37,148.68365061321305,240.91216216216216,209.8053252582759
2014,153,94.70787614097279,168.52941176470588,204.14916977275925
2015,67,115.34506455755714,130.7462686567164,205.25287649544154
2016,94,111.23465678547731,144.68085106382978,187.04555139825797
2017,66,148.30604079108988,138.1060606060606,158.8671055414027
2018,167,148.56061962702924,255.38922155688624,230.0365569564856
2019,60,142.63061595782645,178.0,174.58150971270044
2020,61,160.40263373602178,229.672131147541,211.8625763112653
2021,63,164.7022305312438,227.06349206349208,203.89287717209098
2022,201,158.2540373131211,274.37810945273634,212.62788722669055
2023,73,162.9988609382418,224.31506849315068,205.3589493607256
2026,77,185.3050591685715,279.8051948051948,238.80263872673189
