player_id,year,player_name,role,nationality,base_price_lakh,final_price_lakh,team,career_runs_before,career_balls_before,career_innings_before,career_hundreds_before,career_fifties_before,career_fours_before,career_sixes_before,career_batting_sr_before,last_season_runs,last_season_balls,last_season_sr,last_season_fifties,last_season_hundreds,recent3_runs,recent3_fifties,recent3_hundreds,recent3_sr,batting_seasons_before,career_wickets_before,career_balls_bowled_before,career_runs_conceded_before,career_3w_before,career_4w_before,career_5w_before,career_economy_before,last_season_wickets,last_season_economy,last_season_balls_bowled,recent3_wickets,recent3_balls_bowled,recent3_economy,bowling_seasons_before,previous_auction_price,previous_auction_count,has_batting_history,has_bowling_history,predicted_price_lakh,error_lakh,absolute_error_lakh,price_range
,2026,Matheesha Pathirana,Unknown,Overseas,,1800.0,KKR,0,0,0,0,0,0,0,0.0,0,0,0.0,0,0,0,0,0,0.0,0,0,0,0,0,0,0,0.0,0,0.0,0,0,0,0.0,0,0.0,,0,0,107.1465173168393,-1692.8534826831608,1692.8534826831608,₹10+ Cr
P0129,2023,Cameron Green,All-Rounder,Overseas,200.0,1750.0,MI,0,0,0,0,0,0,0,0.0,0,0,0.0,0,0,0,0,0,0.0,0,0,0,0,0,0,0,0.0,0,0.0,0,0,0,0.0,0,0.0,0.0,0,0,268.5313619705029,-1481.468638029497,1481.468638029497,₹10+ Cr
,2020,Pat Cummins,All-Rounder,Overseas,,1550.0,KKR,0,0,0,0,0,0,0,0.0,0,0,0.0,0,0,0,0,0,0.0,0,0,0,0,0,0,0,0.0,0,0.0,0,0,0,0.0,0,0.0,,0,0,246.04276635822015,-1303.9572336417798,1303.9572336417798,₹10+ Cr
P0369,2021,Kyle Jamieson,Bowler,Overseas,75.0,1500.0,RCB,0,0,0,0,0,0,0,0.0,0,0,0.0,0,0,0,0,0,0.0,0,0,0,0,0,0,0,0.0,0,0.0,0,0,0,0.0,0,0.0,0.0,0,0,202.41212654874937,-1297.5878734512507,1297.5878734512507,₹10+ Cr
,2022,Deepak Chahar,Bowler,Indian,,1400.0,CSK,0,0,0,0,0,0,0,0.0,0,0,0.0,0,0,0,0,0,0.0,0,0,0,0,0,0,0,0.0,0,0.0,0,0,0,0.0,0,0.0,,0,0,118.67426430406971,-1281.3257356959302,1281.3257356959302,₹10+ Cr
,2017,Benjamin Stokes,All-Rounder,Overseas,,1450.0,RPS,0,0,0,0,0,0,0,0.0,0,0,0.0,0,0,0,0,0,0.0,0,0,0,0,0,0,0,0.0,0,0.0,0,0,0,0.0,0,0.0,,0,0,246.04276635822015,-1203.9572336417798,1203.9572336417798,₹10+ Cr
,2023,Harry Brook,Batsman,Overseas,150.0,1325.0,SRH,0,0,0,0,0,0,0,0.0,0,0,0.0,0,0,0,0,0,0.0,0,0,0,0,0,0,0,0.0,0,0.0,0,0,0,0.0,0,0.0,,0,0,187.70976138329343,-1137.2902386167066,1137.2902386167066,₹10+ Cr
P0517,2021,Jhye Richardson,All-Rounder,Overseas,100.0,1400.0,PBKS,0,0,0,0,0,0,0,0.0,0,0,0.0,0,0,0,0,0,0.0,0,0,0,0,0,0,0,0.0,0,0.0,0,0,0,0.0,0,0.0,0.0,0,0,268.5313619705029,-1131.468638029497,1131.468638029497,₹10+ Cr
,2026,Prashant Veer,Unknown,Indian,,1420.0,CSK,0,0,0,0,0,0,0,0.0,0,0,0.0,0,0,0,0,0,0.0,0,0,0,0,0,0,0,0.0,0,0.0,0,0,0,0.0,0,0.0,,0,0,325.7406307628375,-1094.2593692371624,1094.2593692371624,₹10+ Cr
,2026,Kartik Sharma,Unknown,Indian,,1420.0,CSK,0,0,0,0,0,0,0,0.0,0,0,0.0,0,0,0,0,0,0.0,0,0,0,0,0,0,0,0.0,0,0.0,0,0,0,0.0,0,0.0,,0,0,325.7406307628375,-1094.2593692371624,1094.2593692371624,₹10+ Cr
P0129,2026,Cameron Green,Unknown,Overseas,,2520.0,KKR,707,460,28,1,2,62,32,153.69565217391303,255,178,143.25842696629215,0,0,707,2,1,153.69565217391303,2,16,439,664,0,0,0,9.075170842824601,10,8.616113744075829,211,16,439,9.075170842824601,2,1750.0,1.0,1,1,1498.3382954221709,-1021.6617045778291,1021.6617045778291,₹10+ Cr
,2018,Benjamin Stokes,All-Rounder,Overseas,,1250.0,RR,0,0,0,0,0,0,0,0.0,0,0,0.0,0,0,0,0,0,0.0,0,0,0,0,0,0,0,0.0,0,0.0,0,0,0,0.0,0,0.0,,0,0,246.04276635822015,-1003.9572336417798,1003.9572336417798,₹10+ Cr
P0586,2017,Tymal Mills,Bowler,Overseas,,1200.0,RCB,0,0,0,0,0,0,0,0.0,0,0,0.0,0,0,0,0,0,0.0,0,0,0,0,0,0,0,0.0,0,0.0,0,0,0,0.0,0,0.0,0.0,0,0,202.41212654874937,-997.5878734512506,997.5878734512506,₹10+ Cr
,2018,KL Rahul,Batsman,Indian,,1100.0,PBKS,0,0,0,0,0,0,0,0.0,0,0,0.0,0,0,0,0,0,0.0,0,0,0,0,0,0,0,0.0,0,0.0,0,0,0,0.0,0,0.0,,0,0,110.08526455056162,-989.9147354494384,989.9147354494384,₹10+ Cr
,2022,Harshal Patel,All-Rounder,Indian,,1075.0,RCB,0,0,0,0,0,0,0,0.0,0,0,0.0,0,0,0,0,0,0.0,0,0,0,0,0,0,0,0.0,0,0.0,0,0,0,0.0,0,0.0,,0,0,117.0631084083359,-957.9368915916641,957.9368915916641,₹10+ Cr
P0114,2023,Ben Stokes,All-Rounder,Overseas,200.0,1625.0,CSK,920,684,41,2,2,79,32,134.5029239766082,0,3,0.0,0,0,408,1,1,135.09933774834437,5,28,683,974,3,0,0,8.556368960468522,0,12.0,6,8,197,10.81218274111675,5,0.0,0.0,1,1,717.7014571982298,-907.2985428017702,907.2985428017702,₹10+ Cr
,2022,Avesh Khan,Bowler,Indian,,1000.0,LSG,0,0,0,0,0,0,0,0.0,0,0,0.0,0,0,0,0,0,0.0,0,0,0,0,0,0,0,0.0,0,0.0,0,0,0,0.0,0,0.0,,0,0,118.67426430406971,-881.3257356959302,881.3257356959302,₹10+ Cr
,2022,Prasidh Krishna,Bowler,Indian,,1000.0,RR,0,0,0,0,0,0,0,0.0,0,0,0.0,0,0,0,0,0,0.0,0,0,0,0,0,0,0,0.0,0,0.0,0,0,0,0.0,0,0.0,,0,0,118.67426430406971,-881.3257356959302,881.3257356959302,₹10+ Cr
,2008,MS Dhoni,Wicket-Keeper,Indian,,950.0,CSK,0,0,0,0,0,0,0,0.0,0,0,0.0,0,0,0,0,0,0.0,0,0,0,0,0,0,0,0.0,0,0.0,0,0,0,0.0,0,0.0,,0,0,91.45862118287081,-858.5413788171292,858.5413788171292,₹5–10 Cr
,2011,Robin Uthappa,,Indian,90.0,900.0,PWI,0,0,0,0,0,0,0,0.0,0,0,0.0,0,0,0,0,0,0.0,0,0,0,0,0,0,0,0.0,0,0.0,0,0,0,0.0,0,0.0,,0,0,111.34902391597568,-788.6509760840244,788.6509760840244,₹5–10 Cr
