team,players,total_spend_lakh,predicted_spend_lakh,average_actual_price,average_predicted_price,team_value_gap_lakh,team_value_gap_crore
RR,16,2275.0,3477.552555782672,142.1875,217.347034736417,1202.5525557826718,12.025525557826718
LSG,15,3800.0,4718.679379871757,253.33333333333334,314.5786253247838,918.6793798717572,9.186793798717572
GT,11,2455.0,2613.7406357834957,223.1818181818182,237.61278507122688,158.7406357834957,1.5874063578349569
RCB,15,2315.0,2396.721508306929,154.33333333333334,159.7814338871286,81.72150830692908,0.8172150830692908
MI,13,2270.0,1999.8217455102908,174.6153846153846,153.83244196233005,-270.17825448970916,-2.7017825448970916
PBKS,9,2780.0,2458.0509508418163,308.8888888888889,273.1167723157574,-321.9490491581837,-3.219490491581837
SRH,22,5550.0,4685.570778370162,252.27272727272728,212.98048992591646,-864.4292216298381,-8.644292216298382
DC,13,3645.0,2487.546129347413,280.38461538461536,191.34970225749333,-1157.4538706525868,-11.574538706525868
KKR,20,6835.0,4732.447528152185,341.75,236.62237640760927,-2102.5524718478146,-21.025524718478145
CSK,16,5995.0,3808.875273324601,374.6875,238.05470458278756,-2186.124726675399,-21.86124726675399
